{"type":"contests","id":"icpc1","op":"create","data":{"id":"2209","name":"\u6d4b\u8bd5\u6eda\u699c\u6d3b\u52a81","formal_name":"\u6d4b\u8bd5\u6eda\u699c\u6d3b\u52a81","start_time":"2021-12-14T22:00:00.000+08:00","duration":"1:00:00.000","scoreboard_freeze_duration":"0:30:00.000","penalty_time":20}}
{"type":"groups","id":"icpc2","op":"create","data":{"id":"1","icpc_id":"1","name":"\u9c81\u4e1c\u5927\u5b66"}}
{"type":"judgement-types","id":"icpc3","op":"create","data":{"id":"AC","name":"Yes","penalty":false,"solved":true}}
{"type":"judgement-types","id":"icpc4","op":"create","data":{"id":"WA","name":"No - Wrong Answer","penalty":true,"solved":false}}
{"type":"languages","id":"icpc5","op":"create","data":{"id":"1","name":"c","entry_point_required":false}}
{"type":"languages","id":"icpc6","op":"create","data":{"id":"2","name":"c++","entry_point_required":false}}
{"type":"problems","id":"icpc7","op":"create","data":{"id":"A","label":"A","name":"\u6700\u5927\u56de\u6587\u6570","ordinal":0}}
{"type":"problems","id":"icpc8","op":"create","data":{"id":"B","label":"B","name":"\u52c7\u6562\u7684\u6d25\u6d25","ordinal":1}}
{"type":"problems","id":"icpc9","op":"create","data":{"id":"C","label":"C","name":"\u4fa0\u76d7\u963f\u98de","ordinal":2}}
{"type":"problems","id":"icpc10","op":"create","data":{"id":"D","label":"D","name":"\u5206\u7cd6\u679c","ordinal":3}}
{"type":"problems","id":"icpc11","op":"create","data":{"id":"E","label":"E","name":"\u5e8f\u5217(sequence)","ordinal":4}}
{"type":"problems","id":"icpc12","op":"create","data":{"id":"F","label":"F","name":"\u7cd6\u679c(candy)","ordinal":5}}
{"type":"problems","id":"icpc13","op":"create","data":{"id":"G","label":"G","name":"\u8ff7\u5bab(maze)","ordinal":6}}
{"type":"problems","id":"icpc14","op":"create","data":{"id":"H","label":"H","name":"\u76d2\u5b50(box)","ordinal":7}}
{"type":"organizations","id":"icpc15","op":"create","data":{"id":"1","icpc_id":null,"name":"\u9c81\u4e1c\u5927\u5b66","formal_name":"\u9c81\u4e1c\u5927\u5b66"}}
{"type":"teams","id":"icpc16","op":"create","data":{"id":"1","name":"\u674e\u6625\u9633\uff08\u4e2d\u77f3\u6cb9 \u7814\uff09","icpc_id":"1","organization_id":"1"}}
{"type":"teams","id":"icpc17","op":"create","data":{"id":"2","name":"\u5218\u5efa\u4e1a","icpc_id":"2","organization_id":"1"}}
{"type":"teams","id":"icpc18","op":"create","data":{"id":"3","name":"\u4ed8\u6587\u8c6a","icpc_id":"3","organization_id":"1"}}
{"type":"teams","id":"icpc19","op":"create","data":{"id":"4","name":"\u83ab\u5029\u70e8","icpc_id":"4","organization_id":"1"}}
{"type":"teams","id":"icpc20","op":"create","data":{"id":"5","name":"\u5468\u51ef\u4e50","icpc_id":"5","organization_id":"1"}}
{"type":"teams","id":"icpc21","op":"create","data":{"id":"6","name":"\u71d5\u7231\u534e","icpc_id":"6","organization_id":"1"}}
{"type":"state","id":"icpc22","op":"create","data":{"started":null,"ended":"2021-12-14T23:00:00.000+08:00","thawed":"2021-12-14T23:00:00.000+08:00","finalized":"2021-12-14T23:00:00.000+08:00","end_of_updates":null}}
{"type":"awards","id":"icpc23","op":"create","data":{"id":"gold-medal","citation":"Gold Medalist","team_ids":["3","2","5","1"]}}
{"type":"state","id":"icpc24","op":"update","data":{"started":null,"ended":"2021-12-14T23:00:00.000+08:00","thawed":"2021-12-14T23:00:00.000+08:00","finalized":"2021-12-14T23:00:00.000+08:00","end_of_updates":"2021-12-14T23:00:00.000+08:00"}}
